{
    "AlexNet_Server": [
        [4.574963719235724, 0.8546309734759152, 0.7483726080114718],
        [2.320599766377101, 0.718019680444969, 0.43836362246060034],
        [12.999171891024359, 0.8395208956152322, 1.5060078557422871],
        [1.5480553694828352, 0.5951338180812277, 0.29173897976361957],
        [7.288044561185968, 0.8598735622668436, 1.046837191407589],
        [9.816214662946988, 0.8411791806667593, 1.247558124558362],
        [7.440492053953151, 0.8258750589372936, 1.2017707127209876],
        [24.20050264532107, 0.8998604048696827, 3.4939201369024544],
        [10.578164681307854, 0.8880879942796444, 1.574754304957948],
        [2.61309975502733, 0.8973507291692363, 0.4331034146865241]
    ],
    "VGG": [
        [7.510362681617417, 0.3731991056886841, 1.6601790349495256],
        [97.31448869218842, 0.6165035240654931, 10.137653686294406],
        [18.4562191606752, 0.6401652197784393, 2.251789615696048],
        [48.08415978577569, 0.6508651374613765, 5.108374217562899],
        [92.92896108526344, 0.6362342017870255, 8.97809642892036],
        [9.971083794356582, 0.651395762888494, 1.2195436880192974],
        [47.10551742757583, 0.6556915144959697, 4.734919965298957],
        [102.12481512453473, 0.7020789669179963, 8.895570037614428],
        [110.62317551150332, 0.7161046827423931, 9.60003691144311],
        [51.323162056713095, 0.7097987170041629, 4.768431936679761],
        [102.59766028001033, 0.7132535966214204, 9.243942746027024],
        [101.20428026019424, 0.6926805929545314, 9.592250557803814],
        [26.272941759114328, 0.7108668141264601, 3.028253699609792],
        [25.55421650206307, 0.6982984256901396, 2.961304354186437],
        [26.79233160028979, 0.697295421258915, 3.1681542488297385],
        [60.75540328653757, 0.6969187256580525, 8.72339778637231],
        [9.256412506786761, 0.6943700570350061, 1.658595433673699],
        [2.2467487196246276, 0.7082045756735632, 0.43230581538710083]
    ],
    "RestNet": [
        [8.000754070506831, 0.8385967332502163, 1.118392360162024],
        [4.685491010217474, 0.8574494591641292, 0.9658929458536089],
        [9.954850166835495, 0.8101218519250807, 1.1960547943681288],
        [7.090999064926829, 0.8201195333385716, 1.0086927859457018],
        [0.9123067275054678, 0.5349965092736954, 0.4379306792967825],
        [6.990155510690777, 0.8171636269298023, 0.9396751129802224],
        [0.8911804047436569, 0.5454838479826323, 0.3700270680415916],
        [7.251075054103348, 0.8395783982310324, 0.9390034472141239],
        [0.9707238243795161, 0.5633545289102008, 0.40283873042032087],
        [7.299236182983566, 0.8424596879157753, 0.9341653101395097],
        [0.9084154650447848, 0.6253643437802882, 0.38517144866945924],
        [3.8621392642778245, 0.8570037280740187, 0.6602960620612809],
        [0.5426271658046395, 0.599583931358626, 0.38461264673599005],
        [7.00155435259978, 0.8333923176743007, 0.9040231113863698],
        [0.5134917725370216, 0.5329000354731221, 0.32831560997289416],
        [6.933191808433025, 0.8259295873684032, 0.8916379495268011],
        [0.5266459845637281, 0.5131329947803639, 0.3616322872876036],
        [6.903395562044508, 0.8259568990043613, 0.8998481350960248],
        [0.48590876311890585, 0.4867508315732272, 0.3253921866554609],
        [3.680406882310596, 0.7858718228459303, 0.6355995784251336],
        [0.32807696361010263, 0.06362680726108795, 0.26957379710031143],
        [7.152045179492603, 0.8322168943334085, 0.9916675049902688],
        [123.72540155556514, 0.0001449053254454172, -123.1629819186445],
        [7.272439244268052, 0.8557430359002022, 0.9758241736474965],
        [148.77308444728715, 0.00014985888958200287, -148.15907077283742],
        [7.263517481195771, 0.8598684279542209, 0.9858740729357113],
        [0.11464786802714057, 0.45245578619709825, 0.48276472801571507],
        [4.9505064894033595, 0.8683322957372008, 0.9467123995972145],
        [-47463.26323747903, 13.25604756723359, 0.7293499997435644],
        [9.59050471624006, 0.8376256300042819, 1.5180314985625145],
        [-70496.1910279325, 13.511174948043509, 0.7197750088818236],
        [10.331708848686615, 0.9228103228532863, 1.4568031128814858],
        [-59583.5258265278, 13.247754838268506, 0.7592250196858997],
        [10.190182222318825, 0.9016046839981255, 1.4455893283707626],
        [-59846.3152076851, 13.200258695665108, 0.7357250292737512],
        [-18.380252769794495, 5.085031965199874e-05, 18.461028422700316],
        [0.4419814542281395, 1.2175229986060756, 0.15292512606175734]]
}